{
 "features": [
  "ngram_dice",
  "feat_nw_sharp",
  "prosody",
  "drive_equiv",
  "meaning"
 ],
 "weights": [
  1.2346865370576607,
  0.38933961335411527,
  -0.4387485411511277,
  1.2890430293015414,
  2.837409172903505
 ],
 "bias": -3.091514873554487,
 "cv_auc": 0.793611111111111,
 "n_pairs": 300
}