{
 "features": [
  "ngram_dice",
  "feat_nw_sharp",
  "prosody",
  "drive_equiv",
  "meaning"
 ],
 "weights": [
  1.2489298550855261,
  0.40457489254099943,
  -0.38433305172286397,
  1.231135419482399,
  2.7474679159279107
 ],
 "bias": -3.0742182525104975,
 "cv_auc": 0.7873333333333333,
 "n_pairs": 300
}